{"_step":9,"train_loss":0.1565265125743505,"train_acc":0.9449421637559537,"val_acc":0.9333333333333333,"_timestamp":1.740358172998222e+09,"_wandb":{"runtime":374},"_runtime":374.640441918}