{"_timestamp":1.7403548126057777e+09,"_runtime":287.332773653,"_step":9,"_wandb":{"runtime":287},"train_loss":0.20531462034568246,"train_acc":0.923508732138807,"val_acc":0.9151927437641724}