{"train_acc":0.9381946019505557,"val_acc":0.9306122448979591,"_timestamp":1.7403585926867986e+09,"_runtime":389.174222878,"_step":9,"_wandb":{"runtime":389},"train_loss":0.16577612295530844}