{"train_acc":0.9367770469494217,"_wandb":{"runtime":343},"val_acc":0.937641723356009,"_timestamp":1.7403567604355648e+09,"_runtime":343.423833065,"_step":9,"train_loss":0.17042725454961907}