{"val_acc":0.919047619047619,"_timestamp":1.7403560528608596e+09,"_wandb":{"runtime":284},"_runtime":284.70480676,"_step":9,"train_loss":0.20274447922365388,"train_acc":0.9237355409389885}