{"train_loss":0.09394765450902608,"train_acc":0.9684735767747789,"val_acc":0.9630385487528345,"_timestamp":1.7403539024415803e+09,"_runtime":690.169404634,"_wandb":{"runtime":690},"_step":9}