{"_step":9,"train_loss":0.1673923850538668,"train_acc":0.9418235427534588,"val_acc":0.9342403628117913,"_timestamp":1.7403572004930124e+09,"_wandb":{"runtime":396},"_runtime":396.065990432}