{"_runtime":29.386660182,"_step":0,"_wandb":{"runtime":29},"train_loss":0.32654873746028845,"train_acc":0.8685643002948514,"val_acc":0.9056689342403628,"_timestamp":1.7403549695402877e+09}