{"train_acc":0.9232819233386256,"val_acc":0.9222222222222223,"_wandb":{"runtime":302},"_timestamp":1.7403563825620265e+09,"_runtime":302.654211203,"_step":9,"train_loss":0.2074156061111801}