{"_wandb":{"runtime":446},"train_acc":0.9423338625538671,"val_acc":0.9414965986394558,"_timestamp":1.7403577110735462e+09,"_runtime":446.445039192,"_step":9,"train_loss":0.1621571364643835}